,AVProductsInstalled,AVProductsEnabled,Census_ProcessorCoreCount,Census_PrimaryDiskTotalCapacity,Census_SystemVolumeTotalCapacity,Census_TotalPhysicalRAM,Census_InternalPrimaryDiagonalDisplaySizeInInches,Census_InternalPrimaryDisplayResolutionHorizontal,Census_InternalPrimaryDisplayResolutionVertical,Census_InternalBatteryNumberOfCharges,HasDetections
AVProductsInstalled,1.0,0.2722240683710258,-0.05369339422568001,0.11608044974843947,0.14947463902104036,-0.03988791895154246,-0.038121226554976684,-0.033561981741200786,-0.0672546458202863,-0.09072674664130863,-0.13896856426078835
AVProductsEnabled,0.2722240683710258,1.0,-0.009619539425209852,0.0229532537804406,0.014514348876424986,-0.01252185184908675,-0.008119563584565784,-0.012397188034850052,-0.013565385085032411,-0.020751788420623668,-0.03634276960122407
Census_ProcessorCoreCount,-0.05369339422568001,-0.009619539425209852,1.0,0.11695791106520705,0.08864649359678094,0.5799736553803535,0.17470752288867927,0.353466033190056,0.33206500626798485,0.10190701758006684,0.050933680987319624
Census_PrimaryDiskTotalCapacity,0.11608044974843947,0.0229532537804406,0.11695791106520705,1.0,0.7681642911592484,0.15267851790105777,0.09397153608996768,0.022563097247697835,-0.04180342532912057,0.01982403444148614,0.054557690720672875
Census_SystemVolumeTotalCapacity,0.14947463902104036,0.014514348876424986,0.08864649359678094,0.7681642911592484,1.0,0.16454733425260162,0.06590675944395055,0.02806045736363552,-0.029832400407393,-0.026351864742500605,0.014633950720902534
Census_TotalPhysicalRAM,-0.03988791895154246,-0.01252185184908675,0.5799736553803535,0.15267851790105777,0.16454733425260162,1.0,0.2614869098496834,0.4202674526137316,0.3877551034294523,0.18495934081360638,0.05914684454693125
Census_InternalPrimaryDiagonalDisplaySizeInInches,-0.038121226554976684,-0.008119563584565784,0.17470752288867927,0.09397153608996768,0.06590675944395055,0.2614869098496834,1.0,0.32376655342800637,0.2719496956581543,0.5111738291903215,0.029982742160448307
Census_InternalPrimaryDisplayResolutionHorizontal,-0.033561981741200786,-0.012397188034850052,0.353466033190056,0.022563097247697835,0.02806045736363552,0.4202674526137316,0.32376655342800637,1.0,0.8854647417707188,0.1776083442339674,0.017848700788408823
Census_InternalPrimaryDisplayResolutionVertical,-0.0672546458202863,-0.013565385085032411,0.33206500626798485,-0.04180342532912057,-0.029832400407393,0.3877551034294523,0.2719496956581543,0.8854647417707188,1.0,0.23448918715888054,0.004252805555988359
Census_InternalBatteryNumberOfCharges,-0.09072674664130863,-0.020751788420623668,0.10190701758006684,0.01982403444148614,-0.026351864742500605,0.18495934081360638,0.5111738291903215,0.1776083442339674,0.23448918715888054,1.0,0.02336689228137639
HasDetections,-0.13896856426078835,-0.03634276960122407,0.050933680987319624,0.054557690720672875,0.014633950720902534,0.05914684454693125,0.029982742160448307,0.017848700788408823,0.004252805555988359,0.02336689228137639,1.0
