Column,count,unique,top,freq,mean,std,min,25%,50%,75%,max,Missing Count,Missing Frequency,Missing Frequency %
MachineIdentifier,8921483,8921483,ffffff75ba4f33d938ccfdb148b8ea16,1,,,,,,,,0,0.0,0.0
ProductName,8921483,6,win8defender,8826520,,,,,,,,0,0.0,0.0
EngineVersion,8921483,70,1.1.15200.1,3845067,,,,,,,,0,0.0,0.0
AppVersion,8921483,110,4.18.1807.18075,5139224,,,,,,,,0,0.0,0.0
AvSigVersion,8921483,8531,1.273.1420.0,102317,,,,,,,,0,0.0,0.0
IsBeta,8921483,2,0,8921416,,,,,,,,0,0.0,0.0
RtpStateBitfield,8889165,7,7,8651487,,,,,,,,32318,0.003622491910817966,0.36
IsSxsPassiveMode,8921483,2,0,8766840,,,,,,,,0,0.0,0.0
DefaultBrowsersIdentifier,433438,2017,239,46056,,,,,,,,8488045,0.9514163732644001,95.14
AVProductStatesIdentifier,8885262,28970,53447,5824565,,,,,,,,36221,0.004059975230575455,0.41
AVProductsInstalled,8885262,,,,,0.0,0.0,1.0,1.0,2.0,7.0,36221,0.004059975230575455,0.41
AVProductsEnabled,8885262,,,,,0.0,0.0,1.0,1.0,1.0,5.0,36221,0.004059975230575455,0.41
HasTpm,8921483,2,1,8814167,,,,,,,,0,0.0,0.0
CountryIdentifier,8921483,222,43,397172,,,,,,,,0,0.0,0.0
CityIdentifier,8596074,107366,130775,94812,,,,,,,,325409,0.0364747654621995,3.65
OrganizationIdentifier,6169965,49,27,4196457,,,,,,,,2751518,0.3084148677972037,30.84
GeoNameIdentifier,8921270,292,277,1531929,,,,,,,,213,2.3874954421815298e-05,0.0
LocaleEnglishNameIdentifier,8921483,276,75,2094585,,,,,,,,0,0.0,0.0
Platform,8921483,4,windows10,8618715,,,,,,,,0,0.0,0.0
Processor,8921483,3,x64,8105435,,,,,,,,0,0.0,0.0
OsVer,8921483,58,10.0.0.0,8632545,,,,,,,,0,0.0,0.0
OsBuild,8921483,76,17134,3915521,,,,,,,,0,0.0,0.0
OsSuite,8921483,14,768,5560661,,,,,,,,0,0.0,0.0
OsPlatformSubRelease,8921483,9,rs4,3915526,,,,,,,,0,0.0,0.0
OsBuildLab,8921462,663,17134.1.amd64fre.rs4_release.180410-1804,3658199,,,,,,,,21,2.3538687458127756e-06,0.0
SkuEdition,8921483,8,Home,5514341,,,,,,,,0,0.0,0.0
IsProtected,8885439,2,1,8402282,,,,,,,,36044,0.00404013547971789,0.4
AutoSampleOptIn,8921483,2,0,8921225,,,,,,,,0,0.0,0.0
PuaMode,2309,2,on,2307,,,,,,,,8919174,0.9997411865269485,99.97
SMode,8383724,2,0,8379843,,,,,,,,537759,0.0602768620418825,6.03
IeVerIdentifier,8862589,303,137,3885842,,,,,,,,58894,0.006601368853137982,0.66
SmartScreen,5744472,21,RequireAdmin,4316183,,,,,,,,3177011,0.35610794752397107,35.61
Firewall,8830133,2,1,8641014,,,,,,,,91350,0.010239329044285575,1.02
UacLuaenable,8910645,11,1,8856517,,,,,,,,10838,0.001214820450815184,0.12
Census_MDC2FormFactor,8921483,13,Notebook,5723319,,,,,,,,0,0.0,0.0
Census_DeviceFamily,8921483,3,Windows.Desktop,8907053,,,,,,,,0,0.0,0.0
Census_OEMNameIdentifier,8826005,3832,2668,1287275,,,,,,,,95478,0.01070203238631963,1.07
Census_OEMModelIdentifier,8819250,175365,313586,304782,,,,,,,,102233,0.011459193499556071,1.15
Census_ProcessorCoreCount,8880177,,,,,0.0,1.0,2.0,4.0,4.0,192.0,41306,0.004629947734025834,0.46
Census_ProcessorManufacturerIdentifier,8880170,7,5,7839318,,,,,,,,41313,0.004630732356941105,0.46
Census_ProcessorModelIdentifier,8880140,3428,2697,289283,,,,,,,,41343,0.004634095026577981,0.46
Census_ProcessorClass,36631,3,mid,20914,,,,,,,,8884852,0.9958940682843872,99.59
Census_PrimaryDiskTotalCapacity,8868467,,,,3089053.25,4451634176.0,0.0,239372.0,476940.0,953869.0,8160436813824.0,53016,0.005942509782286196,0.59
Census_PrimaryDiskTypeName,8550388,3,HDD,5806804,,,,,,,,371095,0.04159566296320914,4.16
Census_SystemVolumeTotalCapacity,8868481,,,,377368.21875,325879.0625,0.0,120775.0,249500.0,475973.0,47687100.0,53002,0.005940940536455655,0.59
Census_HasOpticalDiskDrive,8921483,2,0,8232858,,,,,,,,0,0.0,0.0
Census_TotalPhysicalRAM,8840950,,,,6115.2568359375,5115.82080078125,255.0,4096.0,4096.0,8192.0,1572864.0,80533,0.009026862462216203,0.9
Census_ChassisTypeName,8843637,50,Notebook,5248812,,,,,,,,77846,0.008725679351740064,0.87
Census_InternalPrimaryDiagonalDisplaySizeInInches,8874349,,,,,0.0,0.7001953125,13.8984375,15.5,17.203125,182.25,47134,0.005283202355482827,0.53
Census_InternalPrimaryDisplayResolutionHorizontal,8874497,,,,,,-1.0,1366.0,1366.0,1920.0,12288.0,46986,0.005266613185274242,0.53
Census_InternalPrimaryDisplayResolutionVertical,8874497,,,,,,-1.0,768.0,768.0,1080.0,8640.0,46986,0.005266613185274242,0.53
Census_PowerPlatformRoleName,8900800,9,Mobile,6182908,,,,,,,,20683,0.0023183365366497926,0.23
Census_InternalBatteryType,2583054,78,lion,2028256,,,,,,,,6338429,0.7104680914596823,71.05
Census_InternalBatteryNumberOfCharges,8652728,,,,1123781632.0,1887781760.0,0.0,0.0,0.0,4294967296.0,4294967296.0,268755,0.030124475941948215,3.01
Census_OSVersion,8921483,469,10.0.17134.228,1413627,,,,,,,,0,0.0,0.0
Census_OSArchitecture,8921483,3,amd64,8105885,,,,,,,,0,0.0,0.0
Census_OSBranch,8921483,32,rs4_release,4009158,,,,,,,,0,0.0,0.0
Census_OSBuildNumber,8921483,165,17134,4008881,,,,,,,,0,0.0,0.0
Census_OSBuildRevision,8921483,285,228,1413633,,,,,,,,0,0.0,0.0
Census_OSEdition,8921483,33,Core,3469991,,,,,,,,0,0.0,0.0
Census_OSSkuName,8921483,30,CORE,3469869,,,,,,,,0,0.0,0.0
Census_OSInstallTypeName,8921483,9,UUPUpgrade,2608037,,,,,,,,0,0.0,0.0
Census_OSInstallLanguageIdentifier,8861399,39,8,3179262,,,,,,,,60084,0.006734754748734039,0.67
Census_OSUILocaleIdentifier,8921483,147,31,3170824,,,,,,,,0,0.0,0.0
Census_OSWUAutoUpdateOptionsName,6401558,5,FullAuto,3954497,,,,,,,,2519925,0.2824558428234409,28.25
Census_IsPortableOperatingSystem,8921483,2,0,8916619,,,,,,,,0,0.0,0.0
Census_GenuineStateName,8907657,4,IS_GENUINE,7877597,,,,,,,,13826,0.0015497423466479731,0.15
Census_ActivationChannel,8921483,6,Retail,4727589,,,,,,,,0,0.0,0.0
Census_IsFlightingInternal,1512724,2,0,1512703,,,,,,,,7408759,0.8304402978742436,83.04
Census_IsFlightsDisabled,8760960,2,0,8760872,,,,,,,,160523,0.017992860604004964,1.8
Census_FlightRing,8678045,9,Retail,8355679,,,,,,,,243438,0.02728671903538907,2.73
Census_ThresholdOptIn,3254158,2,0,3253342,,,,,,,,5667325,0.635244723326828,63.52
Census_FirmwareManufacturerIdentifier,8738226,712,142,2699078,,,,,,,,183257,0.020541091654829136,2.05
Census_FirmwareVersionIdentifier,8761350,50494,33105,89611,,,,,,,,160133,0.017949145898725583,1.79
Census_IsSecureBootEnabled,8921483,2,0,4585438,,,,,,,,0,0.0,0.0
Census_IsWIMBootEnabled,3261780,2,0,3261779,,,,,,,,5659703,0.6343903810610859,63.44
Census_IsVirtualDevice,8905530,2,0,8842840,,,,,,,,15953,0.0017881556239024386,0.18
Census_IsTouchEnabled,8921483,2,0,7801452,,,,,,,,0,0.0,0.0
Census_IsPenCapable,8921483,2,0,8581834,,,,,,,,0,0.0,0.0
Census_IsAlwaysOnAlwaysConnectedCapable,8850140,2,0,8341972,,,,,,,,71343,0.007996764663453374,0.8
Wdft_IsGamer,8618032,2,0,6174143,,,,,,,,303451,0.034013515465982504,3.4
Wdft_RegionIdentifier,8618032,15,10,1800105,,,,,,,,303451,0.034013515465982504,3.4
HasDetections,8921483,,,,0.49979269141688665,0.4999999850453968,0.0,0.0,0.0,1.0,1.0,0,0.0,0.0
