Label,Count,Frequency,Frequency %
75,2094585,0.23477991271182155,23.48
182,450088,0.050449908384065746,5.04
74,411056,0.046074851008515064,4.61
42,409616,0.045913442865945044,4.59
88,375223,0.0420583663052432,4.21
171,343615,0.03851545757583128,3.85
233,341279,0.03825361770010659,3.83
227,333102,0.03733706604608225,3.73
251,211841,0.02374504328484401,2.37
124,195088,0.021867216470624895,2.19
103,180913,0.02027835506720127,2.03
134,172519,0.019337480102803537,1.93
64,167151,0.01873578641577863,1.87
46,161587,0.018112123287126143,1.81
218,154560,0.01732447396918203,1.73
217,138589,0.015534300743497466,1.55
214,138442,0.015517823662276777,1.55
170,136298,0.015277504872228082,1.53
56,118878,0.013324914703082436,1.33
172,113793,0.012754942199632057,1.28
70,105965,0.01187750960238337,1.19
68,91267,0.01023002565829022,1.02
231,90994,0.010199425364594653,1.02
60,90500,0.010144053404574105,1.01
115,87899,0.009852509947057008,0.99
126,84194,0.009437220246902897,0.94
58,81736,0.009161705514654906,0.92
16,78863,0.00883967385243014,0.88
51,72857,0.008166467391127686,0.82
72,72270,0.008100671155232823,0.81
107,57983,0.006499255785164865,0.65
262,56439,0.006326190387853679,0.63
239,52785,0.005916617226082255,0.59
118,52718,0.005909107263893234,0.59
113,50801,0.005694232674096896,0.57
44,45384,0.005087046626665096,0.51
222,44570,0.004995806190517877,0.5
71,43702,0.004898512949024283,0.49
102,40201,0.004506089402400924,0.45
52,38528,0.004318564525651172,0.43
210,36421,0.004082393028154624,0.41
246,36297,0.004068493993655539,0.41
219,32958,0.003694228863071308,0.37
162,30020,0.0033649114166333107,0.34
224,29622,0.003320299999450764,0.33
55,29425,0.003298218468835282,0.33
106,29211,0.003274231425425571,0.33
215,27979,0.0031361377923378882,0.31
211,27643,0.0030984758924048838,0.31
49,27211,0.003050053449633878,0.31
34,26742,0.002997483714310726,0.3
81,25493,0.002857484568428814,0.29
69,25276,0.0028331612580554154,0.28
253,24358,0.0027302635671670283,0.27
83,23789,0.0026664849330542916,0.27
229,23272,0.002608534926312139,0.26
179,22525,0.0025248044523539415,0.25
80,22018,0.0024679753354907475,0.25
66,21781,0.0024414102453594318,0.24
266,21202,0.002376510721367737,0.24
277,20949,0.0023481522074300875,0.23
223,20042,0.002246487495408555,0.22
7,17427,0.0019533747920609163,0.2
225,16680,0.001869644318102719,0.19
221,16365,0.0018343362869155274,0.18
236,16138,0.0018088920866631702,0.18
140,15387,0.0017247132567533895,0.17
230,14011,0.0015704788094087047,0.16
216,13897,0.0015577006647885783,0.16
226,13161,0.0014752031696972352,0.15
8,11707,0.0013122257812966745,0.13
97,10110,0.0011332196676270077,0.11
139,10042,0.0011255976164500903,0.11
77,9992,0.0011199931670552979,0.11
228,8865,0.0009936688776966789,0.1
73,8608,0.0009648620078074463,0.1
202,8251,0.0009248462391286292,0.09
76,8017,0.0008986174159610011,0.09
168,7309,0.0008192584125307418,0.08
67,6484,0.0007267849975166685,0.07
235,6476,0.0007258882856135017,0.07
9,6401,0.0007174816115213133,0.07
63,6333,0.0007098595603443956,0.07
61,5988,0.0006711888595203286,0.07
10,5799,0.0006500040408080137,0.07
234,4580,0.0005133675645629768,0.05
94,4487,0.0005029432886886631,0.05
19,4369,0.0004897167881169532,0.05
14,4306,0.0004826551818795149,0.05
36,3812,0.0004272832218589667,0.04
32,3732,0.000418316102827299,0.04
114,3633,0.0004072192930256102,0.04
116,3457,0.0003874916311559412,0.04
65,3395,0.00038054211390639873,0.04
82,3340,0.0003743772195721272,0.04
17,3322,0.00037235961779000194,0.04
232,3243,0.00036350458774623006,0.04
95,2788,0.00031250409825361994,0.03
90,2352,0.0002636332995310309,0.03
15,2117,0.00023729238737550697,0.02
96,2098,0.00023516269660548588,0.02
59,1917,0.00021487458979633768,0.02
125,1910,0.00021408996688106674,0.02
45,1905,0.0002135295219415875,0.02
263,1869,0.00020949431837733704,0.02
160,1852,0.00020758880558310766,0.02
6,1829,0.0002050107588615032,0.02
143,1812,0.0002031052460672738,0.02
237,1771,0.0001985095975635441,0.02
147,1586,0.0001777731348028125,0.02
12,1509,0.00016914228273483232,0.02
50,1502,0.0001683576598195614,0.02
91,1473,0.00016510707917058185,0.02
101,1352,0.0001515443116351844,0.02
105,1346,0.00015087177770780935,0.02
129,1337,0.00014986297681674672,0.01
5,1331,0.00014919044288937163,0.01
11,1187,0.00013304962863236976,0.01
79,1129,0.00012654846733441065,0.01
22,1037,0.00011623628044799278,0.01
43,998,0.00011186480992005477,0.01
21,941,0.00010547573760999152,0.01
178,806,9.034372424405225e-05,0.01
238,783,8.776567752244778e-05,0.01
2,755,8.462718586136407e-05,0.01
199,714,8.003153735763438e-05,0.01
149,630,7.061606237438328e-05,0.01
26,609,6.82621936285705e-05,0.01
25,606,6.792592666488295e-05,0.01
265,606,6.792592666488295e-05,0.01
30,561,6.288192220956987e-05,0.01
1,528,5.9182985609006936e-05,0.01
269,519,5.817418471794431e-05,0.01
13,496,5.559613799633985e-05,0.01
89,492,5.514778204475646e-05,0.01
85,468,5.2457646335256145e-05,0.01
201,451,5.0552133541026754e-05,0.01
272,451,5.0552133541026754e-05,0.01
78,437,4.8982887710484906e-05,0.0
200,419,4.6965285928359665e-05,0.0
154,418,4.685319694046382e-05,0.0
169,403,4.5171862122026124e-05,0.0
92,401,4.494768414623443e-05,0.0
198,401,4.494768414623443e-05,0.0
163,387,4.337843831569258e-05,0.0
62,357,4.001576867881719e-05,0.0
159,284,3.183327256242039e-05,0.0
209,274,3.071238268346193e-05,0.0
121,270,3.0264026731878545e-05,0.0
100,267,2.9927759768191005e-05,0.0
142,261,2.9255225840815928e-05,0.0
20,253,2.8358513937649154e-05,0.0
104,248,2.7798068998169924e-05,0.0
132,219,2.4547488349190375e-05,0.0
18,212,2.376286543391945e-05,0.0
260,198,2.21936196033776e-05,0.0
4,151,1.6925437172272817e-05,0.0
87,149,1.6701259196481123e-05,0.0
29,142,1.5916636281210196e-05,0.0
3,136,1.524410235383512e-05,0.0
278,133,1.4907835390147579e-05,0.0
181,121,1.3562767535397422e-05,0.0
144,117,1.3114411583814036e-05,0.0
283,117,1.3114411583814036e-05,0.0
242,109,1.2217699680647264e-05,0.0
271,105,1.1769343729063879e-05,0.0
93,104,1.1657254741168032e-05,0.0
108,92,1.0312186886417875e-05,0.0
136,89,9.975919922730336e-06,0.0
130,83,9.303385995355257e-06,0.0
48,81,9.079208019563564e-06,0.0
240,79,8.85503004377187e-06,0.0
174,72,8.070407128500945e-06,0.0
282,65,7.28578421323002e-06,0.0
35,63,7.061606237438328e-06,0.0
145,59,6.6132502858549415e-06,0.0
148,58,6.501161297959095e-06,0.0
24,56,6.276983322167402e-06,0.0
158,55,6.164894334271555e-06,0.0
195,54,6.052805346375709e-06,0.0
117,50,5.604449394792323e-06,0.0
135,49,5.492360406896477e-06,0.0
177,48,5.38027141900063e-06,0.0
276,47,5.268182431104784e-06,0.0
111,47,5.268182431104784e-06,0.0
112,46,5.156093443208937e-06,0.0
180,45,5.0440044553130906e-06,0.0
243,43,4.819826479521398e-06,0.0
31,42,4.707737491625551e-06,0.0
196,42,4.707737491625551e-06,0.0
86,37,4.147292552146319e-06,0.0
205,37,4.147292552146319e-06,0.0
54,37,4.147292552146319e-06,0.0
220,37,4.147292552146319e-06,0.0
157,36,4.0352035642504724e-06,0.0
176,36,4.0352035642504724e-06,0.0
189,34,3.81102558845878e-06,0.0
183,34,3.81102558845878e-06,0.0
84,33,3.6989366005629335e-06,0.0
212,33,3.6989366005629335e-06,0.0
161,32,3.5868476126670868e-06,0.0
110,31,3.4747586247712404e-06,0.0
175,30,3.362669636875394e-06,0.0
280,30,3.362669636875394e-06,0.0
270,30,3.362669636875394e-06,0.0
53,29,3.2505806489795474e-06,0.0
98,29,3.2505806489795474e-06,0.0
167,28,3.138491661083701e-06,0.0
275,26,2.914313685292008e-06,0.0
245,26,2.914313685292008e-06,0.0
206,24,2.690135709500315e-06,0.0
164,23,2.5780467216044686e-06,0.0
128,23,2.5780467216044686e-06,0.0
173,22,2.4659577337086223e-06,0.0
186,22,2.4659577337086223e-06,0.0
109,22,2.4659577337086223e-06,0.0
155,21,2.3538687458127756e-06,0.0
40,20,2.2417797579169293e-06,0.0
274,20,2.2417797579169293e-06,0.0
127,20,2.2417797579169293e-06,0.0
194,19,2.129690770021083e-06,0.0
28,19,2.129690770021083e-06,0.0
197,18,2.0176017821252362e-06,0.0
123,18,2.0176017821252362e-06,0.0
23,18,2.0176017821252362e-06,0.0
273,17,1.90551279422939e-06,0.0
241,16,1.7934238063335434e-06,0.0
252,16,1.7934238063335434e-06,0.0
27,16,1.7934238063335434e-06,0.0
33,15,1.681334818437697e-06,0.0
151,15,1.681334818437697e-06,0.0
213,15,1.681334818437697e-06,0.0
138,14,1.5692458305418505e-06,0.0
152,14,1.5692458305418505e-06,0.0
150,13,1.457156842646004e-06,0.0
141,13,1.457156842646004e-06,0.0
131,12,1.3450678547501575e-06,0.0
192,12,1.3450678547501575e-06,0.0
188,12,1.3450678547501575e-06,0.0
248,11,1.2329788668543112e-06,0.0
187,11,1.2329788668543112e-06,0.0
165,11,1.2329788668543112e-06,0.0
119,10,1.1208898789584646e-06,0.0
250,10,1.1208898789584646e-06,0.0
133,10,1.1208898789584646e-06,0.0
254,10,1.1208898789584646e-06,0.0
267,9,1.0088008910626181e-06,0.0
38,9,1.0088008910626181e-06,0.0
184,8,8.967119031667717e-07,0.0
208,8,8.967119031667717e-07,0.0
204,7,7.846229152709253e-07,0.0
257,7,7.846229152709253e-07,0.0
249,7,7.846229152709253e-07,0.0
255,7,7.846229152709253e-07,0.0
120,6,6.725339273750787e-07,0.0
247,6,6.725339273750787e-07,0.0
166,5,5.604449394792323e-07,0.0
185,5,5.604449394792323e-07,0.0
41,5,5.604449394792323e-07,0.0
122,5,5.604449394792323e-07,0.0
47,5,5.604449394792323e-07,0.0
244,5,5.604449394792323e-07,0.0
190,4,4.4835595158338585e-07,0.0
137,4,4.4835595158338585e-07,0.0
193,4,4.4835595158338585e-07,0.0
99,3,3.3626696368753937e-07,0.0
146,3,3.3626696368753937e-07,0.0
156,3,3.3626696368753937e-07,0.0
39,2,2.2417797579169292e-07,0.0
264,2,2.2417797579169292e-07,0.0
258,2,2.2417797579169292e-07,0.0
279,2,2.2417797579169292e-07,0.0
153,2,2.2417797579169292e-07,0.0
191,1,1.1208898789584646e-07,0.0
203,1,1.1208898789584646e-07,0.0
259,1,1.1208898789584646e-07,0.0
