mean_fit_time,std_fit_time,mean_score_time,std_score_time,param_min_samples_split,param_n_estimators,params,split0_test_score,split1_test_score,split2_test_score,mean_test_score,std_test_score,rank_test_score
5572.144750038783,41.95782675980941,700.6813907623291,33.12184076963185,50,50,"{'min_samples_split': 50, 'n_estimators': 50}",0.7212833412896221,0.7214779060832643,0.7216834179867065,0.7214815550881248,0.00016335101370202433,4
3329.2878150145207,0.3557829396136734,38.1267200311025,0.3592436265463069,100,50,"{'min_samples_split': 100, 'n_estimators': 50}",0.7225359536298069,0.7223248229457528,0.722837668627095,0.72256614839605,0.00021045420079570488,1
3263.1383120218907,3.41342204232898,68.07170065244038,3.2829397148601265,200,50,"{'min_samples_split': 200, 'n_estimators': 50}",0.7213897093194631,0.7209173349147603,0.7218703835989217,0.7213924759439386,0.0003890853829992706,2
3248.0480384031925,4.074216304939564,72.30928293863933,2.4781774502657914,300,50,"{'min_samples_split': 300, 'n_estimators': 50}",0.7203384789729623,0.7197501612971041,0.7201209240671812,0.7200698548220965,0.00024287922819782968,3
9145.44217967987,21.738812208153487,674.7551759878794,15.051970318005335,50,100,"{'min_samples_split': 50, 'n_estimators': 100}",0.7235674215116575,0.7235447472882052,0.7238444785851423,0.7236522157814238,0.00013626509145504742,3
6594.846781333287,5.123455770276384,97.89626797040304,4.515021708668589,100,100,"{'min_samples_split': 100, 'n_estimators': 100}",0.7240127239436929,0.7236999870787794,0.7241555138277534,0.7239560749591463,0.0001902331520262503,1
6498.82801802953,7.172865597692749,111.60982386271161,3.8109537275713152,200,100,"{'min_samples_split': 200, 'n_estimators': 100}",0.7223178865573772,0.7218727216796583,0.7227314686324156,0.7223073589581694,0.00035066097159022893,2
6412.327781200409,2.3141618135242514,112.38044675191244,2.3120622170632092,300,100,"{'min_samples_split': 300, 'n_estimators': 100}",0.7210677196841041,0.7204291479599629,0.7209456942955639,0.7208141873538078,0.0002767839392766425,3
13736.536431312561,12.903944783785212,506.51998702685034,9.529721063102153,50,200,"{'min_samples_split': 50, 'n_estimators': 200}",0.7247939498642126,0.7246076935447276,0.7251045060491158,0.7248353831460508,0.00020492794587329864,2
8563.823736985525,6.5165332013754975,370.3477816581726,5.789223463757762,100,200,"{'min_samples_split': 100, 'n_estimators': 200}",0.7239543153340731,0.7234868190527275,0.7241097330454043,0.7238502891607258,0.00026472820337055487,2
16046.818989515305,1.3208335647728169,273.5746943950653,1.3325692292346083,50,300,"{'min_samples_split': 50, 'n_estimators': 300}",0.7252609327886592,0.7249919666608372,0.7254955609578364,0.725249486804277,0.00020575074209058369,1
10744.358311812082,1.6941209216252342,191.09679690996802,1.6339077019754566,100,300,"{'min_samples_split': 100, 'n_estimators': 300}",0.724186549759912,0.7237775093236536,0.7244287915271793,0.7241309502124845,0.0002687757349494981,1
17691.93427268664,6.23050238986301,511.6391688982646,5.832508444171108,50,400,"{'min_samples_split': 50, 'n_estimators': 400}",0.7254821754246122,0.7251470028259196,0.7257523082687413,0.7254604955098959,0.0002475899423184417,1
17212.56915664673,19.84305289449251,569.3688546816508,9.792873303458249,100,400,"{'min_samples_split': 100, 'n_estimators': 400}",0.7243562958799981,0.7239149416335925,0.7245656386980188,0.7242789587495868,0.00027121630534021466,2
