mean_fit_time,std_fit_time,mean_score_time,std_score_time,param_min_samples_split,param_n_estimators,params,split0_test_score,split1_test_score,split2_test_score,mean_test_score,std_test_score,rank_test_score
5572.14475,41.95782676,700.6813908,33.12184077,50,50,"{'min_samples_split': 50, 'n_estimators': 50}",0.721283341,0.721477906,0.721683418,0.721481555088124,0.000163351,15
3329.287815,0.35578294,38.12672003,0.359243627,100,50,"{'min_samples_split': 100, 'n_estimators': 50}",0.722535954,0.722324823,0.722837669,0.722566148396050,0.000210454,12
3263.138312,3.413422042,68.07170065,3.282939715,150,50,"{'min_samples_split': 150, 'n_estimators': 50}",0.721389709,0.720917335,0.721870384,0.721392475943938,0.000389085,16
3248.048038,4.074216305,72.30928294,2.47817745,200,50,"{'min_samples_split': 200, 'n_estimators': 50}",0.720338479,0.719750161,0.720120924,0.720069854822096,0.000242879,18
9145.44218,21.73881221,674.755176,15.05197032,50,100,"{'min_samples_split': 50, 'n_estimators': 100}",0.723567422,0.723544747,0.723844479,0.723652215781423,0.000136265,9
6594.846781,5.12345577,97.89626797,4.515021709,100,100,"{'min_samples_split': 100, 'n_estimators': 100}",0.724012724,0.723699987,0.724155514,0.723956074959146,0.000190233,6
6498.828018,7.172865598,111.6098239,3.810953728,150,100,"{'min_samples_split': 150, 'n_estimators': 100}",0.722317887,0.721872722,0.722731469,0.722307358958169,0.000350661,13
6412.327781,2.314161814,112.3804468,2.312062217,200,100,"{'min_samples_split': 200, 'n_estimators': 100}",0.72106772,0.720429148,0.720945694,0.720814187353807,0.000276784,17
13736.53643,12.90394478,506.519987,9.529721063,50,200,"{'min_samples_split': 50, 'n_estimators': 200}",0.72479395,0.724607694,0.725104506,0.724835383146050,0.000204928,3
8563.823737,6.516533201,370.3477817,5.789223464,100,200,"{'min_samples_split': 100, 'n_estimators': 200}",0.723954315,0.723486819,0.724109733,0.723850289160725,0.000264728,7
,,,,150,200,"{'min_samples_split': 150, 'n_estimators': 200}",,,,0.719533201375490,,19
,,,,200,200,"{'min_samples_split': 200, 'n_estimators': 200}",,,,0.712865597692740,,20
16046.81899,1.320833565,273.5746944,1.332569229,50,300,"{'min_samples_split': 50, 'n_estimators': 300}",0.725260933,0.724991967,0.725495561,0.725249486804277,0.000205751,2
10744.35831,1.694120922,191.0967969,1.633907702,100,300,"{'min_samples_split': 100, 'n_estimators': 300}",0.72418655,0.723777509,0.724428792,0.724130950212484,0.000268776,5
,,,,150,300,"{'min_samples_split': 150, 'n_estimators': 300}",,,,0.723569229234600,,10
,,,,200,300,"{'min_samples_split': 200, 'n_estimators': 300}",,,,0.722052894492500,,14
17691.93427,6.23050239,511.6391689,5.832508444,50,400,"{'min_samples_split': 50, 'n_estimators': 400}",0.725482175,0.725147003,0.725752308,0.725460495509895,0.00024759,1
17212.56916,19.84305289,569.3688547,9.792873303,100,400,"{'min_samples_split': 100, 'n_estimators': 400}",0.724356296,0.723914942,0.724565639,0.724278958749586,0.000271216,4
,,,,150,400,"{'min_samples_split': 150, 'n_estimators': 400}",,,,0.723812208153400,,8
,,,,200,400,"{'min_samples_split': 200, 'n_estimators': 400}",,,,0.723182939613673,,11