mean_fit_time,mean_score_time,mean_test_score,param_n_estimators,param_num_leaves,params,rank_test_score,split0_test_score,split1_test_score,split2_test_score,std_fit_time,std_score_time,std_test_score
509.16811235745695,41.5560612678528,0.7284182753576891,100,3000,{'num_leaves': 3000},1,0.728420867284792,0.72833924888936,0.7284947098976701,0.380000024430395,0.242576014478013,6.34931433345379e-05
528.850771665573,47.7290280659994,0.728816779529037,100,3500,{'num_leaves': 3500},1,0.7288551726114751,0.728709297420389,0.728885868536805,0.09336505004104,0.122757172383123,7.7027530382796e-05
956.1589103539778,153.505856355031,0.735053054296933,100,4000,{'num_leaves': 4000},1,0.7351037907457321,0.7348515321917151,0.73520383992898,0.523394125846458,0.4194470758169061,0.000148235897182967
12673.734927336374,374.59239395459485,0.7349366526832413,200,500,"{'n_estimators': 200, 'num_leaves': 500}",4,0.7350178210700976,0.7347112864938175,0.735080850446817,4.046455406605891,4.68771731479557,0.00016142202661356632
13074.604988177618,583.4908040364584,0.7372330845664351,200,1000,"{'n_estimators': 200, 'num_leaves': 1000}",3,0.737298152089611,0.7369537263070005,0.7374473752714364,1.6787978266482435,2.68576511733083,0.0002067166397453502
13271.07404359182,733.1513243516288,0.7379936459254756,200,1500,"{'n_estimators': 200, 'num_leaves': 1500}",2,0.7379850863490041,0.7378204985388971,0.7381753528926376,4.112568644519426,2.2303374896084454,0.00014499505242070697
13429.961244980494,666.7829390366873,0.7384338445322179,200,2000,"{'n_estimators': 200, 'num_leaves': 2000}",1,0.73846074597654,0.7381645064625587,0.7386762811446327,3.720448064505768,3.0771134287898696,0.0002097952761762584
4550.470505475998,825.2937212785085,0.7386285803265183,200,2500,"{'n_estimators': 200, 'num_leaves': 2500}",2,0.7385959310560252,0.738445724962626,0.738844084976588,7.343494575880879,1.72932350235477,0.00016426026169904376
3782.40776991844,680.4497897624971,0.7375049363613929,400,500,"{'n_estimators': 400, 'num_leaves': 500}",4,0.737509943255532,0.7373211530960191,0.7376837127302242,17.1346649076341,9.57103702517807,0.000148056675133604
4420.84920636813,1482.41712363561,0.7388561893360973,400,1000,"{'n_estimators': 400, 'num_leaves': 1000}",4,0.7389121490412569,0.7385642882226992,0.7390921307174539,11.465476543814388,31.246862806094068,0.00021909363484303804
4679.838655392329,1907.1981769402819,0.7391202680563157,400,1500,"{'n_estimators': 400, 'num_leaves': 1500}",3,0.7391223107742002,0.7388273258773459,0.7394111675164194,18.494099933583783,28.706194472757648,0.00023835670853731742
4953.090282758077,2049.331117630005,0.7391998032738442,400,2000,"{'n_estimators': 400, 'num_leaves': 2000}",1,0.7392153759602288,0.7389456538780093,0.7394383799758132,17.492409751373714,1.9157796580646635,0.00020145574146479767
5251.725968281428,1862.4293643633523,0.7391489224687265,400,2500,"{'n_estimators': 400, 'num_leaves': 2500}",2,0.7391704888855173,0.7389281334767603,0.7393481450335421,36.73067439220944,29.58725970145473,0.00017214577700895057
4280.741260687511,985.607683658599,0.738207129753019,600,500,"{'n_estimators': 600, 'num_leaves': 500}",3,0.7382127943278721,0.7380276330235809,0.7383809619048831,17.567615383519502,19.1063446646545,0.000144301501864575
2698.90343133608,1060.98924628893,0.739158269270626,600,1000,"{'n_estimators': 600, 'num_leaves': 1000}",1,0.7391055931578862,0.73895116333137,0.739418051347927,4.3287709232706,1.19502899820582,0.000194211528862218
1906.327392578125,585.0847291151682,0.7392373723015183,600,1500,"{'n_estimators': 600, 'num_leaves': 1500}",1,0.739248846276236,0.7389202878478697,0.7395429827749371,7.811535176497941,12.089719585395985,0.0002543435559053995
3084.3526005744898,1076.57016881306,0.7390686261189571,600,2000,"{'n_estimators': 600, 'num_leaves': 2000}",2,0.739034448122779,0.7388703129911859,0.739301117259324,16.4762113137,5.167057029054169,0.00017752778922331398
6123.850068569183,1598.6714453697205,0.7388959516466775,600,2500,"{'n_estimators': 600, 'num_leaves': 2500}",1,0.7388794742029942,0.7386841961123616,0.7391241846325923,6.938912790875069,19.751419357784144,0.00018000203044139378
4668.967888752621,1336.13678773244,0.738608878061223,800,500,"{'n_estimators': 800, 'num_leaves': 500}",2,0.7386464283599299,0.7383746189284041,0.7388055868772951,11.870989044456598,4.6026281169565495,0.000177934173250121
1941.93439038595,510.08465504646307,0.7392197189369499,800,1000,"{'n_estimators': 800, 'num_leaves': 1000}",1,0.7391436457944301,0.738981533953399,0.7395339770995671,1.0379272150031102,6.1130776305915,0.000231860144001566
2142.42758536339,807.7418193817139,0.7391266415754201,800,1500,"{'n_estimators': 800, 'num_leaves': 1500}",1,0.7390779376835871,0.7388182080190501,0.739483779047018,6.798937983650391,17.1431800076055,0.00027389198996247003
5937.33069801331,2303.79696989059,0.738752573003611,800,2000,"{'n_estimators': 800, 'num_leaves': 2000}",1,0.7386945651881031,0.7385613038539242,0.7390018499966701,32.603302451508796,47.239057570315794,0.000184470231401453
6678.366368611653,2431.084465344747,0.7384926651365717,800,2500,"{'n_estimators': 800, 'num_leaves': 2500}",3,0.7384767373975737,0.7382766291028945,0.7387246289168983,9.516474106506738,20.781085582384843,0.00018324158924930726
7242.636124690369,3427.88975811005,0.737159785695771,800,4000,"{'n_estimators': 800, 'num_leaves': 4000}",3,0.7370334888757799,0.736942812754364,0.7375030555178369,26.680627704939198,21.2372897645775,0.000245534989689347
5085.0496764183,1136.5449353853799,0.7388328662190521,1000,500,"{'n_estimators': 1000, 'num_leaves': 500}",1,0.7388559789312971,0.738591457328473,0.739051162386283,29.251425236875306,20.713806850070203,0.000188384049001387
3462.0255826314287,2188.2393939495087,0.7391678074099725,1000,1000,"{'n_estimators': 1000, 'num_leaves': 1000}",1,0.7390436620190429,0.7389779181902476,0.7394818420802638,7.108543884465768,26.91266825024023,0.000223672194198192
3747.6754541397095,2317.3711006641392,0.7389135513921343,1000,1500,"{'n_estimators': 1000, 'num_leaves': 1500}",2,0.7388890645711814,0.7386014651147286,0.7392501245022564,8.800207901586004,6.250843764245385,0.0002653795231105386
6443.99770696958,3292.66275350253,0.738364213538422,1000,2000,"{'n_estimators': 1000, 'num_leaves': 2000}",2,0.738332475433698,0.738105147352707,0.738655017844107,21.6596731915295,34.1878094667348,0.000225602686236354
7371.548126061757,2316.724859237671,0.7380119238103818,1000,2500,"{'n_estimators': 1000, 'num_leaves': 2500}",4,0.7379817685513692,0.7378324111706108,0.7382215917236514,9.379375076349183,5.4497850022244005,0.000160306736633625
8436.988053401312,2959.5357530117,0.736472464076789,1000,4000,"{'n_estimators': 1000, 'num_leaves': 4000}",4,0.736361914398116,0.7362627264850499,0.7367927514003059,38.115672610252105,28.92470016531489,0.00023006885845479102
