mean_fit_time,mean_score_time,mean_test_score,param_n_estimators,param_num_leaves,params,rank_test_score,split0_test_score,split1_test_score,split2_test_score,std_fit_time,std_score_time,std_test_score
12673.73493,374.592394,0.734936652683241,200,500,"{'n_estimators': 200, 'num_leaves': 500}",25,0.735017821,0.734711286,0.73508085,4.046455407,4.687717315,0.000161422
13074.60499,583.490804,0.737233084566435,200,1000,"{'n_estimators': 200, 'num_leaves': 1000}",24,0.737298152,0.736953726,0.737447375,1.678797827,2.685765117,0.000206717
13271.07404,733.1513244,0.737993645925475,200,1500,"{'n_estimators': 200, 'num_leaves': 1500}",22,0.737985086,0.737820499,0.738175353,4.112568645,2.23033749,0.000144995
13429.96124,666.782939,0.738433844532217,200,2000,"{'n_estimators': 200, 'num_leaves': 2000}",18,0.738460746,0.738164506,0.738676281,3.720448065,3.077113429,0.000209795
4550.470505,825.2937213,0.738628580326518,200,2500,"{'n_estimators': 200, 'num_leaves': 2500}",15,0.738595931,0.738445725,0.738844085,7.343494576,1.729323502,0.00016426
3782.40777,680.4497898,0.737504936361392,400,500,"{'n_estimators': 400, 'num_leaves': 500}",23,0.737509943,0.737321153,0.737683713,17.13466491,9.571037025,0.000148057
4420.849206,1482.417124,0.738856189336097,400,1000,"{'n_estimators': 400, 'num_leaves': 1000}",12,0.738912149,0.738564288,0.739092131,11.46547654,31.24686281,0.000219094
4679.838655,1907.198177,0.739120268056315,400,1500,"{'n_estimators': 400, 'num_leaves': 1500}",8,0.739122311,0.738827326,0.739411168,18.49409993,28.70619447,0.000238357
4953.090283,2049.331118,0.739199803273844,400,2000,"{'n_estimators': 400, 'num_leaves': 2000}",3,0.739215376,0.738945654,0.73943838,17.49240975,1.915779658,0.000201456
5251.725968,1862.429364,0.739148922468726,400,2500,"{'n_estimators': 400, 'num_leaves': 2500}",6,0.739170489,0.738928133,0.739348145,36.73067439,29.5872597,0.000172146
4280.741261,985.6076837,0.738207129753019,600,500,"{'n_estimators': 600, 'num_leaves': 500}",20,0.738212794,0.738027633,0.738380962,17.56761538,19.10634466,0.000144302
2698.903431,1060.989246,0.739158269270626,600,1000,"{'n_estimators': 600, 'num_leaves': 1000}",5,0.739105593,0.738951163,0.739418051,4.328770923,1.195028998,0.000194212
1906.327393,585.0847291,0.739237372301518,600,1500,"{'n_estimators': 600, 'num_leaves': 1500}",1,0.739248846,0.738920288,0.739542983,7.811535176,12.08971959,0.000254344
3084.352601,1076.570169,0.739068626118957,600,2000,"{'n_estimators': 600, 'num_leaves': 2000}",9,0.739034448,0.738870313,0.739301117,16.47621131,5.167057029,0.000177528
6123.850069,1598.671445,0.738895951646677,600,2500,"{'n_estimators': 600, 'num_leaves': 2500}",11,0.738879474,0.738684196,0.739124185,6.938912791,19.75141936,0.000180002
4668.967889,1336.136788,0.738608878061223,800,500,"{'n_estimators': 800, 'num_leaves': 500}",16,0.738646428,0.738374619,0.738805587,11.87098904,4.602628117,0.000177934
1941.93439,510.084655,0.739219718936949,800,1000,"{'n_estimators': 800, 'num_leaves': 1000}",2,0.739143646,0.738981534,0.739533977,1.037927215,6.113077631,0.00023186
2142.427585,807.7418194,0.739126641575420,800,1500,"{'n_estimators': 800, 'num_leaves': 1500}",7,0.739077938,0.738818208,0.739483779,6.798937984,17.14318001,0.000273892
5937.330698,2303.79697,0.738752573003611,800,2000,"{'n_estimators': 800, 'num_leaves': 2000}",14,0.738694565,0.738561304,0.73900185,32.60330245,47.23905757,0.00018447
6678.366369,2431.084465,0.738492665136571,800,2500,"{'n_estimators': 800, 'num_leaves': 2500}",17,0.738476737,0.738276629,0.738724629,9.516474107,20.78108558,0.000183242
5085.049676,1136.544935,0.738832866219052,1000,500,"{'n_estimators': 1000, 'num_leaves': 500}",13,0.738855979,0.738591457,0.739051162,29.25142524,20.71380685,0.000188384
3462.025583,2188.239394,0.739167807409972,1000,1000,"{'n_estimators': 1000, 'num_leaves': 1000}",4,0.739043662,0.738977918,0.739481842,7.108543884,26.91266825,0.000223672
3747.675454,2317.371101,0.738913551392134,1000,1500,"{'n_estimators': 1000, 'num_leaves': 1500}",10,0.738889065,0.738601465,0.739250125,8.800207902,6.250843764,0.00026538
6443.997707,3292.662754,0.738364213538422,1000,2000,"{'n_estimators': 1000, 'num_leaves': 2000}",19,0.738332475,0.738105147,0.738655018,21.65967319,34.18780947,0.000225603
7371.548126,2316.724859,0.738011923810381,1000,2500,"{'n_estimators': 1000, 'num_leaves': 2500}",21,0.737981769,0.737832411,0.738221592,9.379375076,5.449785002,0.000160307