No. of Components,Explained Variance Ratio,Cum Explained Variance Ratio
1,0.15567706711257107,0.15567706711257107
2,0.0588386844939875,0.21451575160655856
3,0.05480279592882097,0.26931854753537954
4,0.051317163962003795,0.32063571149738335
5,0.04255303174212529,0.3631887432395086
6,0.03930458984927132,0.40249333308877994
7,0.037425140052316765,0.4399184731410967
8,0.036288879202450816,0.47620735234354755
9,0.03313058266599207,0.5093379350095396
10,0.030504310587385647,0.5398422455969253
11,0.029202917334411396,0.5690451629313367
12,0.02623670052465365,0.5952818634559903
13,0.025005252623166264,0.6202871160791565
14,0.023394795764615343,0.6436819118437719
15,0.02159277769051393,0.6652746895342858
16,0.020885237246484403,0.6861599267807702
17,0.02010368435331541,0.7062636111340856
18,0.019312686988768018,0.7255762981228536
19,0.018253490140534782,0.7438297882633884
20,0.017106568923211333,0.7609363571865998
21,0.016185819445132227,0.777122176631732
22,0.015702524479401646,0.7928247011111337
23,0.014983990000074509,0.8078086911112082
24,0.01449427275646394,0.8223029638676722
25,0.014092976774157353,0.8363959406418295
26,0.01346375275144862,0.8498596933932782
27,0.013163874754581615,0.8630235681478597
28,0.01190664145541234,0.8749302096032721
29,0.011561683854715343,0.8864918934579874
30,0.010859229346923618,0.897351122804911
31,0.010558220383354288,0.9079093431882653
32,0.008884610645558214,0.9167939538338236
33,0.008487822671665344,0.9252817765054889
34,0.008190711707886305,0.9334724882133753
35,0.00742989561613055,0.9409023838295058
36,0.006819400669638709,0.9477217844991445
37,0.006047500353677489,0.953769284852822
38,0.005509397344944261,0.9592786821977662
39,0.004829813834795726,0.964108496032562
40,0.00436401546518561,0.9684725114977476
41,0.0037985616470389105,0.9722710731447866
42,0.003341233836629678,0.9756123069814162
43,0.003229814599743357,0.9788421215811596
44,0.0031011383127732698,0.9819432598939328
45,0.0027186584284030584,0.9846619183223358
46,0.002433435813047046,0.9870953541353829
47,0.002370953719815186,0.9894663078551981
48,0.0020619152713612816,0.9915282231265593
49,0.0013992847674745863,0.992927507894034
50,0.001309718079467981,0.994237225973502
51,0.0012384911819486066,0.9954757171554506
52,0.001122156776846913,0.9965978739322975
53,0.0008642437783900496,0.9974621177106875
54,0.0005920612796266536,0.9980541789903141
55,0.0005076314234199496,0.998561810413734
56,0.0004263936801035077,0.9989882040938376
57,0.0003755247337095503,0.9993637288275471
58,0.00023308243788406458,0.9995968112654312
59,0.0001660055991070973,0.9997628168645383
60,0.00013504598476434096,0.9998978628493026
61,6.123911589442329e-05,0.999959101965197
62,2.5049132386577683e-05,0.9999841510975835
63,1.5848902416461752e-05,1.0
